富勒姆,纽  卡,-1,-0.5,0.88,0.94,-0.5,0.84,0.98,3
布里斯,维  冈,1,0.25,1,0.82,0.25,0.86,0.96,3
伯明翰,加的夫,0,0.25,1.04,0.78,0.25,1.08,0.74,1
德比郡,布赖顿,1,0.25,0.7,1.12,0.5,1.1,0.72,1
罗瑟汉,狼  队,-1,0,1.02,0.8,0,1.02,0.8,1
雷  丁,普雷斯,2,0.25,0.74,1.08,0.25,0.92,0.9,3
哈德斯,布伦特,0,0.25,1.02,0.8,0.5,0.96,0.86,3
诺丁汉,伯 顿,2,0.5,1.02,0.8,0.5,0.98,0.84,3
布莱克,诺维奇,1,0,1,0.82,-0.25,0.92,0.9,0
巡游者,利  兹,0,0.25,0.88,0.94,0.25,0.94,0.88,3
谢周三,维  拉,2,0.25,0.78,1.04,0.25,0.86,0.96,3
布赖顿,诺丁汉,5,0.5,0.9,0.92,0.75,0.94,0.88,3
伯 顿,布里斯,1,0,0.86,0.96,0,0.96,0.86,0
狼  队,雷  丁,1,0.25,0.86,0.96,0,0.64,1.18,3
维  拉,罗瑟汉,5,1,1.2,0.62,0.75,0.86,0.96,3
巴恩斯,德比郡,1,-0.25,1.14,0.68,-0.5,0.78,1.04,3
利  兹,伯明翰,3,0.25,0.92,0.9,0.25,0.92,0.9,0
普雷斯,富勒姆,0,0.25,0.86,0.96,0.25,0.94,0.88,0
纽  卡,哈德斯,2,1,1.14,0.68,0.75,0.92,0.9,0
布伦特,伊普斯,3,0.25,1,0.82,0.25,0.98,0.84,3
维  冈,布莱克,1,0.25,0.84,0.98,0.25,0.78,1.04,3
诺维奇,谢周三,3,0.5,1.02,0.8,0.5,0.92,0.9,1
加的夫,巡游者,2,0.25,0.82,1,0.25,1.04,0.78,0
布赖顿,罗瑟汉,7,1,0.84,0.98,1.25,0.8,1.02,3
布伦特,诺丁汉,3,0.25,1,0.82,0.25,1,0.82,3
普雷斯,德比郡,2,-0.25,0.86,0.96,-0.25,0.86,0.96,0
维  冈,伯明翰,1,0.25,0.82,1,0.25,0.88,0.94,1
利  兹,富勒姆,0,0,0.76,1.06,0,0.96,0.86,1
维  拉,哈德斯,2,0.5,1.02,0.8,0.25,0.86,0.96,1
狼  队,伊普斯,1,0.25,0.86,0.96,0.25,0.86,0.96,1
伯 顿,谢周三,1,-0.25,0.94,0.88,-0.25,0.92,0.9,3
诺维奇,布里斯,3,0.5,0.84,0.98,0.5,0.78,1.04,3
纽  卡,雷  丁,2,0.75,0.92,0.9,1,1.02,0.8,3
巴恩斯,巡游者,2,0,0.9,0.92,0,0.86,0.96,3
加的夫,布莱克,2,0.5,0.92,0.9,0.5,0.94,0.88,3
谢周三,利  兹,1,0.5,0.76,1.06,0.5,0.7,1.12,0
布莱克,伯 顿,0,0.5,1.16,0.66,0.25,1.12,0.7,1
罗瑟汉,布伦特,0,0,1,0.82,0,1.12,0.7,3
诺丁汉,维  冈,1,0.25,1,0.82,0.25,1.04,0.78,3
富勒姆,加的夫,1,0.25,0.86,0.96,0.25,0.74,1.08,1
雷  丁,布赖顿,1,-0.25,1.02,0.8,0,1.06,0.76,1
布里斯,纽  卡,-1,-0.25,0.86,0.96,-0.25,0.74,1.08,0
伯明翰,狼  队,0,0,0.82,1,0,0.82,1,0
哈德斯,巴恩斯,-2,0.5,0.8,1.02,0.5,0.86,0.96,3
巡游者,普雷斯,0,0.5,1.04,0.78,0.5,1.04,0.78,0
德比郡,维  拉,2,0.25,0.8,1.02,0.25,0.88,0.94,1
伊普斯,诺维奇,2,-0.25,0.98,0.84,-0.25,0.86,0.96,1
伯 顿,德比郡,1,-0.5,0.76,1.06,-0.5,0.78,1.04,3
加的夫,雷  丁,1,0.25,1.02,0.8,0.25,1.16,0.66,0
巴恩斯,罗瑟汉,4,0.5,0.9,0.92,0.5,0.88,0.94,3
维  冈,巡游者,1,0.25,1,0.82,0.25,1.02,0.8,0
伯明翰,诺维奇,1,-0.25,1,0.82,-0.25,1.12,0.7,3
诺丁汉,利  兹,1,0.25,0.82,1,0.25,0.84,0.98,3
伊普斯,普雷斯,1,0.25,0.78,1.04,0.25,0.82,1,3
布莱克,富勒姆,-2,-0.25,0.88,0.94,0,1.1,0.72,0
布伦特,谢周三,2,0,0.98,0.84,0,0.98,0.84,1
布里斯,维  拉,2,0,0.82,1,0,0.9,0.92,3
哈德斯,狼  队,0,0.25,0.88,0.94,0.25,0.94,0.88,3
纽  卡,布赖顿,1,0.25,0.8,1.02,0.25,0.88,0.94,3
雷  丁,伊普斯,3,0.25,0.84,0.98,0.5,1.1,0.72,3
狼  队,伯 顿,1,0.5,0.78,1.04,0.5,0.82,1,1
罗瑟汉,布里斯,0,-0.25,0.92,0.9,-0.25,0.92,0.9,1
布赖顿,布伦特,4,1,0.98,0.84,1,0.98,0.84,0
谢周三,维  冈,1,0.5,0.82,1,0.5,0.8,1.02,3
诺维奇,加的夫,3,1,0.98,0.84,1,1.08,0.74,3
巡游者,布莱克,1,0.75,0.88,0.94,0.5,1.02,0.8,1
富勒姆,伯明翰,2,0.5,0.96,0.86,0.75,1.1,0.72,0
利  兹,哈德斯,2,0,0.94,0.88,0,0.72,1.1,0
普雷斯,巴恩斯,0,0.25,0.84,0.98,0.25,0.84,0.98,0
德比郡,纽  卡,0,0,0.88,0.94,0,0.9,0.92,0
维  拉,诺丁汉,3,0.75,1.02,0.8,0.75,1,0.82,1
谢周三,布里斯,1,0.5,0.98,0.84,0.5,0.94,0.88,3
诺维奇,维  冈,3,0.75,0.76,1.06,1,1.02,0.8,3
普雷斯,加的夫,2,0.25,1,0.82,0.25,1.04,0.78,3
巡游者,纽  卡,-2,-0.25,1,0.82,-0.25,0.92,0.9,0
利  兹,布莱克,3,0.5,1.02,0.8,0.5,1.04,0.78,3
布赖顿,哈德斯,4,0.5,0.82,1,0.5,0.96,0.86,3
德比郡,伊普斯,2,0.5,0.82,1,0.5,0.94,0.88,0
富勒姆,伯 顿,1,0.5,0.84,0.98,0.5,0.86,0.96,1
狼  队,巴恩斯,-1,0.5,0.94,0.88,0.5,0.96,0.86,0
雷  丁,伯明翰,3,0.5,0.98,0.84,0.25,0.82,1,1
维  拉,布伦特,2,0.75,0.96,0.86,0.75,0.96,0.86,1
罗瑟汉,诺丁汉,1,0,1.04,0.78,0,1.02,0.8,1
加的夫,利  兹,1,0.5,1.08,0.74,0.5,1.16,0.66,0
巴恩斯,雷  丁,1,0.25,0.94,0.88,0.25,1.08,0.74,0
伯 顿,布赖顿,0,-0.5,0.78,1.04,-0.5,0.92,0.9,0
布莱克,罗瑟汉,3,0.25,0.74,1.08,0.25,0.74,1.08,3
哈德斯,巡游者,1,0.25,0.74,1.08,0.25,0.6,1.22,3
诺丁汉,诺维奇,2,-0.25,0.9,0.92,-0.25,0.9,0.92,0
布伦特,普雷斯,2,0.25,0.84,0.98,0.25,0.88,0.94,3
维  冈,富勒姆,-1,0.25,1.08,0.74,0.25,1.16,0.66,1
布里斯,德比郡,1,0,0.86,0.96,0,0.8,1.02,1
伊普斯,维  拉,2,0,0.98,0.84,0,0.91,0.91,1
纽  卡,狼  队,2,0.75,0.76,1.06,1,0.86,0.96,0
伯明翰,谢周三,0,0,1,0.82,0,1,0.82,3
普雷斯,维  冈,2,0.25,1.04,0.78,0.25,1.06,0.76,3
诺维奇,伯 顿,3,1,0.84,0.98,1,0.8,1.02,3
富勒姆,布里斯,1,0.25,0.82,1,0.25,0.86,0.96,0
狼  队,布伦特,0,0.25,0.88,0.94,0.25,0.88,0.94,3
罗瑟汉,加的夫,-1,0,0.9,0.92,-0.25,0.76,1.06,0
谢周三,诺丁汉,3,0.75,0.98,0.84,1,1.16,0.66,3
德比郡,布莱克,3,0.75,0.76,1.06,0.75,0.82,1,0
巡游者,伯明翰,1,0.25,1.08,0.74,0.25,1.08,0.74,1
雷  丁,哈德斯,2,0.25,1.04,0.78,0.25,1.04,0.78,3
利  兹,伊普斯,3,0.25,1.02,0.8,0.25,1.02,0.8,3
布赖顿,巴恩斯,2,0.75,0.76,1.06,0.75,0.8,1.02,3
维  拉,纽  卡,0,0,1,0.82,0,1,0.82,1
伊普斯,布赖顿,0,-0.25,1,0.82,-0.25,1,0.82,1
哈德斯,罗瑟汉,3,1,0.82,1,1,1,0.82,3
伯 顿,巡游者,1,0,0.8,1.02,0,0.88,0.94,1
布里斯,利  兹,1,0.5,1.02,0.8,0.5,1.02,0.8,3
伯明翰,普雷斯,0,0.25,0.82,1,0.25,0.8,1.02,1
诺丁汉,富勒姆,0,0.25,1.02,0.8,0,0.82,1,1
布莱克,谢周三,0,-0.25,0.94,0.88,-0.25,0.8,1.02,0
加的夫,德比郡,1,0,1,0.82,-0.25,0.92,0.9,0
巴恩斯,维  拉,2,0,1.12,0.7,-0.25,1.02,0.8,1
布伦特,雷  丁,2,0.25,1,0.82,0.25,1.02,0.8,3
维  冈,狼  队,0,0,0.82,1,0,0.82,1,3
纽  卡,诺维奇,3,0.5,1.02,0.8,0.5,1.02,0.8,3
富勒姆,巡游者,2,0.25,0.78,1.04,0.25,0.76,1.06,0
布伦特,维  冈,2,0.5,1,0.82,0.5,0.96,0.86,1
伯 顿,加的夫,0,0,0.7,1.12,0,0.64,1.18,3
谢周三,布赖顿,0,0,0.76,1.06,0,0.6,1.22,0
罗瑟汉,纽  卡,-2,-1,0.9,0.92,-1,0.96,0.86,0
布里斯,诺丁汉,3,0.5,1,0.82,0.5,0.96,0.86,3
伯明翰,布莱克,1,0.5,0.96,0.86,0.5,1.1,0.72,3
伊普斯,哈德斯,1,0,0.9,0.92,0,0.9,0.92,0
雷  丁,德比郡,2,0,0.86,0.96,0,1,0.82,1
普雷斯,维  拉,3,-0.25,0.96,0.86,-0.25,0.88,0.94,3
利  兹,巴恩斯,0,0.25,0.82,1,0.25,0.78,1.04,3
狼  队,诺维奇,1,0,1.06,0.76,0,1.08,0.74,0
加的夫,布里斯,1,0,1.04,0.78,0,0.92,0.9,3
诺丁汉,伯明翰,3,0.25,0.92,0.9,0,0.82,1,3
维  冈,伯 顿,0,0.25,0.8,1.02,0.25,0.72,1.1,1
纽  卡,布伦特,2,1,0.92,0.9,1,1.02,0.8,3
巡游者,雷  丁,0,0.25,1,0.82,0.25,1.2,0.62,1
诺维奇,罗瑟汉,6,1.5,1,0.82,1.5,1,0.82,3
德比郡,利  兹,2,0.5,0.8,1.02,0.5,0.86,0.96,3
布赖顿,普雷斯,4,0.75,0.88,0.94,0.75,0.86,0.96,1
巴恩斯,富勒姆,0,0,0.82,1,0,0.86,0.96,0
布莱克,伊普斯,1,0.25,1.06,0.76,0.25,1.12,0.7,1
维  拉,狼  队,1,0.5,0.92,0.9,0.5,0.92,0.9,1
哈德斯,谢周三,0,0,0.74,1.08,0,0.82,1,0
巡游者,布里斯,0,0,0.88,0.94,-0.25,0.78,1.04,3
德比郡,布伦特,2,0.5,0.86,0.96,0.5,0.86,0.96,1
利  兹,维  冈,1,0.5,1.06,0.76,0.5,1.06,0.76,1
伯明翰,罗瑟汉,3,0.75,0.8,1.02,0.75,0.76,1.06,3
巴恩斯,纽  卡,-1,-0.75,1.02,0.8,-1,0.8,1.02,0
布赖顿,狼  队,4,0.5,0.82,1,0.5,0.92,0.9,3
布莱克,诺丁汉,1,0.25,1.02,0.8,0,0.9,0.92,3
伊普斯,伯 顿,1,0.5,0.98,0.84,0.5,1,0.82,3
富勒姆,诺维奇,2,-0.25,0.84,0.98,-0.25,0.86,0.96,1
雷  丁,维  拉,3,0,0.84,0.98,0,0.86,0.96,0
普雷斯,哈德斯,2,0,0.88,0.94,0,0.86,0.96,3
加的夫,谢周三,1,-0.25,0.82,1,0,0.94,0.88,1
伯 顿,伯明翰,2,0,0.9,0.92,0,1,0.82,3
罗瑟汉,雷  丁,0,-0.25,0.92,0.9,-0.25,0.92,0.9,0
维  冈,布赖顿,-1,-0.25,0.86,0.96,0,1.02,0.8,0
谢周三,巡游者,2,0.75,0.98,0.84,0.75,0.86,0.96,3
布伦特,巴恩斯,0,0.5,0.82,1,0.75,0.8,1.02,0
狼  队,利  兹,0,0.5,1.02,0.8,0.5,1.06,0.76,0
布里斯,布莱克,2,0.5,0.76,1.06,0.5,0.7,1.12,3
维  拉,富勒姆,0,0.5,1.04,0.78,0.5,1.08,0.74,3
纽  卡,伊普斯,3,1.25,1,0.82,1.25,1.06,0.76,3
哈德斯,德比郡,0,0,0.82,1,0,0.9,0.92,3
诺维奇,普雷斯,3,1,0.98,0.84,1,1.02,0.8,0
诺丁汉,加的夫,1,0.25,1,0.82,0.25,1.14,0.68,0
巡游者,布伦特,0,0,0.98,0.84,0,0.86,0.96,0
利  兹,伯 顿,2,0.5,1.02,0.8,0.5,0.98,0.84,3
巴恩斯,布里斯,1,-0.25,0.88,0.94,-0.25,0.92,0.9,1
加的夫,维  冈,1,0.25,0.84,0.98,0.25,0.8,1.02,0
伊普斯,罗瑟汉,4,0.75,0.84,0.98,0.75,1,0.82,1
普雷斯,纽  卡,0,-0.5,1.12,0.7,-0.5,1.06,0.76,0
雷  丁,诺丁汉,3,0.5,0.96,0.86,0.5,0.9,0.92,3
富勒姆,哈德斯,1,0.25,1,0.82,0.25,0.88,0.94,3
德比郡,谢周三,2,0.25,1.04,0.78,0.25,1.06,0.76,3
布赖顿,诺维奇,5,0.25,1.06,0.76,0.25,0.9,0.92,3
布莱克,狼  队,0,0,1.08,0.74,0,1.08,0.74,1
伯明翰,维  拉,1,0,1,0.82,0,1.06,0.76,1
布伦特,富勒姆,0,0.25,0.98,0.84,0.25,1.06,0.76,0
狼  队,德比郡,1,0,0.82,1,0,0.78,1.04,0
维  冈,雷  丁,0,0,0.78,1.04,0,0.6,1.22,0
纽  卡,加的夫,2,1.25,1,0.82,1.25,1.18,0.64,3
诺丁汉,巡游者,2,0.25,1.02,0.8,0.25,0.9,0.92,1
伯 顿,巴恩斯,-1,0.25,0.86,0.96,0.25,0.76,1.06,1
诺维奇,利  兹,3,0.75,0.98,0.84,0.75,1.12,0.7,0
维  拉,布莱克,3,0.75,0.9,0.92,0.75,0.96,0.86,3
哈德斯,伯明翰,1,0.25,0.86,0.96,0.25,0.8,1.02,1
谢周三,伊普斯,2,0.5,0.72,1.1,0.5,0.66,1.16,0
罗瑟汉,普雷斯,0,-0.25,0.78,1.04,-0.25,0.86,0.96,0
布里斯,布赖顿,0,0,0.98,0.84,0,1,0.82,0
布赖顿,维  拉,5,0.5,0.86,0.96,0.5,1.02,0.8,1
雷  丁,伯 顿,2,0.5,0.9,0.92,0.25,0.76,1.06,3
伯明翰,布里斯,0,0,0.78,1.04,0,0.78,1.04,3
布莱克,布伦特,0,0,0.94,0.88,0.25,1.14,0.68,3
巴恩斯,维  冈,1,0,0.92,0.9,0.25,1.1,0.72,1
德比郡,罗瑟汉,5,1.25,1,0.82,1.25,0.98,0.84,3
普雷斯,狼  队,2,0.25,1.06,0.76,0.25,1.02,0.8,1
加的夫,哈德斯,1,0,0.78,1.04,0,0.6,1.22,3
富勒姆,谢周三,1,0.25,1.04,0.78,0.25,1.06,0.76,1
巡游者,诺维奇,1,-0.5,0.8,1.02,-0.25,0.82,1,3
伊普斯,诺丁汉,2,0.5,1.04,0.78,0.5,1.06,0.76,0
利  兹,纽  卡,0,-0.5,0.96,0.86,-0.5,0.82,1,0
巴恩斯,诺丁汉,3,0.25,1.08,0.74,0.25,1,0.82,0
普雷斯,伯 顿,2,0.5,0.96,0.86,0.5,1.12,0.7,1
雷  丁,布里斯,2,0.25,1.04,0.78,0.25,1.04,0.78,3
维  拉,加的夫,1,0.5,0.84,0.98,0.25,0.72,1.1,3
伊普斯,巡游者,2,0.25,0.88,0.94,0.25,0.98,0.84,3
纽  卡,布莱克,3,1.25,0.9,0.92,1.25,0.72,1.1,0
布伦特,伯明翰,3,0.25,0.96,0.86,0.5,1.04,0.78,0
布赖顿,富勒姆,2,0.5,0.9,0.92,0.75,1.12,0.7,3
狼  队,谢周三,0,0,0.9,0.92,-0.25,0.62,1.2,0
德比郡,诺维奇,3,0.25,0.88,0.94,0.25,0.78,1.04,3
罗瑟汉,利  兹,0,-0.25,1.14,0.68,-0.25,1.12,0.7,0
哈德斯,维  冈,0,0.5,1,0.82,0.5,0.84,0.98,0
巡游者,狼  队,0,0.25,1.06,0.76,0.25,1.1,0.72,0
诺丁汉,纽  卡,0,-0.75,0.92,0.9,-0.5,1.06,0.76,3
诺维奇,布伦特,3,0.5,0.92,0.9,0.5,0.98,0.84,3
富勒姆,雷  丁,1,0.5,1,0.82,0.5,0.92,0.9,3
加的夫,布赖顿,0,0,1.1,0.72,0,1.24,0.58,1
伯 顿,罗瑟汉,4,0.75,1.02,0.8,0.75,0.88,0.94,3
谢周三,普雷斯,1,0.75,1.02,0.8,0.75,1.12,0.7,3
布莱克,哈德斯,0,0,0.8,1.02,-0.25,0.64,1.18,1
布里斯,伊普斯,2,0.5,0.96,0.86,0.5,1.04,0.78,3
维  冈,德比郡,0,-0.25,0.84,0.98,-0.5,0.68,1.14,0
伯明翰,巴恩斯,-2,0.5,0.86,0.96,0.25,0.8,1.02,0
利  兹,维  拉,2,0,0.8,1.02,0,0.91,0.91,3
布赖顿,利  兹,4,0.5,0.82,1,0.5,0.78,1.04,3
布伦特,伯 顿,2,0.5,1.02,0.8,0.5,1.06,0.76,3
哈德斯,布里斯,0,0.25,1,0.82,0.25,0.88,0.94,3
维  拉,维  冈,1,0.75,1,0.82,0.75,0.94,0.88,3
伊普斯,加的夫,1,0,0.74,1.08,0,0.64,1.18,1
罗瑟汉,巡游者,0,-0.25,0.9,0.92,0,1.24,0.58,3
纽  卡,伯明翰,3,1.25,0.98,0.84,1.25,0.88,0.94,3
狼  队,富勒姆,-1,0,1.06,0.76,0,0.94,0.88,1
雷  丁,谢周三,2,0,0.96,0.86,0,1,0.82,3
巴恩斯,诺维奇,2,-0.25,0.98,0.84,-0.25,0.98,0.84,3
普雷斯,布莱克,3,0.25,0.86,0.96,0.25,0.86,0.96,3
德比郡,诺丁汉,3,0.75,0.96,0.86,0.75,1.08,0.74,3
布里斯,布伦特,1,0.25,0.84,0.98,0.25,0.84,0.98,0
利  兹,雷  丁,2,0.25,0.9,0.92,0.5,1.06,0.76,3
布莱克,布赖顿,-1,-0.5,0.86,0.96,-0.5,0.84,0.98,0
富勒姆,罗瑟汉,4,1.25,0.88,0.94,1.5,0.9,0.92,3
加的夫,狼  队,1,0.25,1,0.82,0.25,0.96,0.86,3
伯 顿,哈德斯,1,0,0.9,0.92,0,1.02,0.8,0
伯明翰,伊普斯,1,0.25,1,0.82,0.25,0.88,0.94,3
诺维奇,维  拉,4,0.25,1,0.82,0.25,0.9,0.92,3
谢周三,巴恩斯,-1,0.75,0.92,0.9,0.75,0.96,0.86,3
维  冈,纽  卡,-2,-0.75,0.96,0.86,-0.75,1,0.82,0
诺丁汉,普雷斯,2,0.25,0.96,0.86,0.25,1.06,0.76,1
巡游者,德比郡,0,-0.25,0.96,0.86,-0.25,0.96,0.86,0
诺维奇,哈德斯,3,0.5,0.98,0.84,0.5,1.02,0.8,0
利  兹,布伦特,2,0.25,0.86,0.96,0.25,0.86,0.96,3
布莱克,雷  丁,0,0,0.82,1,0,0.68,1.14,0
谢周三,罗瑟汉,4,1.5,1,0.82,1.25,0.94,0.88,3
诺丁汉,狼  队,1,0,0.8,1.02,0,0.88,0.94,0
伯 顿,纽  卡,-1,-1,0.8,1.02,-1,0.7,1.12,0
布里斯,普雷斯,1,0.5,1,0.82,0.5,1.02,0.8,0
维  冈,伊普斯,1,0.25,1.06,0.76,0.25,1,0.82,0
富勒姆,德比郡,1,0.25,1,0.82,0.25,0.96,0.86,1
加的夫,巴恩斯,-1,0.5,1.02,0.8,0.5,0.96,0.86,0
伯明翰,布赖顿,-1,-0.25,0.96,0.86,-0.25,1.1,0.72,0
巡游者,维  拉,1,-0.25,0.94,0.88,-0.25,0.8,1.02,0
布伦特,加的夫,2,0.25,0.82,1,0.25,0.82,1,1
维  拉,伯 顿,2,0.75,0.82,1,0.75,0.86,0.96,3
狼  队,布里斯,0,0.25,0.96,0.86,0.25,0.92,0.9,3
罗瑟汉,维  冈,-1,-0.25,0.76,1.06,-0.25,0.76,1.06,3
普雷斯,利  兹,2,0,0.78,1.04,0.25,1,0.82,0
哈德斯,诺丁汉,2,0.75,1,0.82,0.75,0.98,0.84,3
巴恩斯,布莱克,2,0.25,0.92,0.9,0.25,0.86,0.96,3
伊普斯,富勒姆,0,-0.25,0.82,1,-0.25,0.84,0.98,0
雷  丁,诺维奇,3,0,0.96,0.86,0,1.12,0.7,3
纽  卡,谢周三,2,0.75,0.88,0.94,0.75,0.96,0.86,0
布赖顿,巡游者,5,1,1.02,0.8,1.25,1.02,0.8,3
德比郡,伯明翰,3,0.75,0.88,0.94,0.75,0.9,0.92,3
罗瑟汉,伯 顿,0,-0.25,0.78,1.04,0,1.1,0.72,0
维  拉,利  兹,2,0.5,0.96,0.86,0.25,0.76,1.06,1
伊普斯,布里斯,1,0,0.82,1,0,0.8,1.02,3
纽  卡,诺丁汉,4,1.25,0.86,0.96,1.5,0.92,0.9,3
哈德斯,布莱克,1,0.5,0.8,1.02,0.75,0.92,0.9,1
德比郡,维  冈,1,1,1.06,0.76,1,1.02,0.8,1
狼  队,巡游者,1,0.5,0.92,0.9,0.75,0.88,0.94,0
巴恩斯,伯明翰,2,0.25,0.96,0.86,0.25,0.9,0.92,1
普雷斯,谢周三,2,0,0.96,0.86,-0.25,0.78,1.04,1
布伦特,诺维奇,3,0,0.9,0.92,0,0.96,0.86,1
布赖顿,加的夫,4,0.75,0.84,0.98,0.75,1.04,0.78,3
雷  丁,富勒姆,1,-0.25,0.8,1.02,-0.25,0.92,0.9,3
伯明翰,布伦特,0,0.25,1.02,0.8,0.25,0.96,0.86,0
布里斯,雷  丁,1,0.25,0.8,1.02,0.25,1.04,0.78,0
富勒姆,布赖顿,0,0,0.84,0.98,0,0.96,0.86,0
利  兹,罗瑟汉,5,1,0.78,1.04,1,0.96,0.86,3
谢周三,狼  队,1,0.5,0.78,1.04,0.5,0.96,0.86,1
布莱克,纽  卡,-2,-0.75,1,0.82,-0.75,1.1,0.72,3
伯 顿,普雷斯,1,0,0.7,1.12,0,0.86,0.96,0
维  冈,哈德斯,0,0,1.12,0.7,-0.25,0.72,1.1,0
巡游者,伊普斯,1,0,0.8,1.02,0,0.82,1,3
诺维奇,德比郡,3,0.25,1.06,0.76,0.25,0.94,0.88,3
加的夫,维  拉,2,0,0.92,0.9,0,0.92,0.9,3
诺丁汉,巴恩斯,0,0.25,0.98,0.84,0.25,0.98,0.84,0
雷  丁,巡游者,3,0.75,1.04,0.78,0.5,0.86,0.96,0
利  兹,德比郡,2,0,0.86,0.96,0.25,1.02,0.8,3
布里斯,加的夫,1,0.25,0.92,0.9,0.25,0.94,0.88,0
伯 顿,维  冈,0,0.25,0.92,0.9,0,0.66,1.16,0
普雷斯,布赖顿,1,-0.25,1,0.82,-0.25,0.94,0.88,3
罗瑟汉,诺维奇,1,-0.75,0.94,0.88,-1,0.7,1.12,3
布伦特,纽  卡,0,-0.5,0.94,0.88,-0.25,1.04,0.78,0
伯明翰,诺丁汉,2,0.25,0.82,1,0.25,0.76,1.06,1
伊普斯,布莱克,2,0.25,0.84,0.98,0.25,0.9,0.92,3
谢周三,哈德斯,1,0.25,0.96,0.86,0.25,0.8,1.02,3
富勒姆,巴恩斯,-1,0.75,0.82,1,1,0.86,0.96,3
狼  队,维  拉,1,0,0.74,1.08,0,0.68,1.14,3
布赖顿,谢周三,4,0.5,0.98,0.84,0.5,0.82,1,3
巡游者,富勒姆,-1,-0.5,0.9,0.92,-0.25,1.14,0.68,1
加的夫,伯 顿,1,0.75,1.02,0.8,0.75,1.08,0.74,3
诺丁汉,布里斯,2,0,0.88,0.94,0,0.88,0.94,3
维  冈,布伦特,0,0,0.8,1.02,0,0.9,0.92,3
德比郡,雷  丁,2,0.5,0.82,1,0.25,0.72,1.1,3
纽  卡,罗瑟汉,5,1.75,0.98,0.84,1.75,1.12,0.7,3
维  拉,普雷斯,2,0.5,1,0.82,0.5,1.12,0.7,1
布莱克,伯明翰,1,0.25,0.98,0.84,0.25,1.04,0.78,1
哈德斯,伊普斯,1,0.75,0.96,0.86,0.75,0.94,0.88,3
诺维奇,狼  队,3,0.5,1,0.82,0.5,1.02,0.8,3
巴恩斯,利  兹,1,-0.25,0.98,0.84,0,1.16,0.66,3
利  兹,诺丁汉,3,0.75,1.02,0.8,0.75,0.96,0.86,3
雷  丁,加的夫,2,0.25,0.86,0.96,0.25,0.82,1,3
诺维奇,伯明翰,4,0.75,0.96,0.86,0.75,0.96,0.86,3
普雷斯,伊普斯,3,0.5,0.9,0.92,0.5,0.9,0.92,1
罗瑟汉,巴恩斯,-2,0,1.08,0.74,0,1.08,0.74,0
德比郡,伯 顿,2,0.75,0.92,0.9,0.75,0.94,0.88,1
谢周三,布伦特,1,0.5,0.92,0.9,0.5,0.82,1,0
巡游者,维  冈,0,0.25,1,0.82,0.25,0.8,1.02,3
维  拉,布里斯,2,0.5,1,0.82,0.5,1,0.82,3
布赖顿,纽  卡,2,0,0.76,1.06,0.25,1.04,0.78,0
富勒姆,布莱克,2,1,0.84,0.98,1,0.94,0.88,1
狼  队,哈德斯,1,0,1.02,0.8,-0.25,0.88,0.94,0
诺丁汉,罗瑟汉,5,0.5,0.82,1,0.75,0.9,0.92,3
加的夫,普雷斯,1,0,0.78,1.04,0.25,0.86,0.96,3
布里斯,谢周三,1,0,1.04,0.78,0,1,0.82,1
伊普斯,德比郡,1,-0.25,0.82,1,-0.25,0.76,1.06,0
布伦特,维  拉,3,0,0.82,1,0,1.04,0.78,3
伯明翰,雷  丁,0,0,0.84,0.98,0,0.8,1.02,0
巴恩斯,狼  队,1,0,0.98,0.84,-0.25,0.84,0.98,0
纽  卡,巡游者,3,1.25,0.82,1,1.25,0.84,0.98,1
布莱克,利  兹,0,-0.25,0.76,1.06,-0.25,0.92,0.9,0
伯 顿,富勒姆,-1,-0.5,0.86,0.96,-0.5,0.98,0.84,0
哈德斯,布赖顿,-1,0,0.98,0.84,0,0.82,1,3
维  冈,诺维奇,1,-0.25,0.82,1,-0.25,0.82,1,1
维  冈,谢周三,0,-0.25,0.78,1.04,0,1,0.82,0
伊普斯,雷  丁,1,0,0.94,0.88,0,0.94,0.88,1
布里斯,罗瑟汉,4,1,0.96,0.86,1.25,1.12,0.7,3
布莱克,巡游者,1,0.25,0.92,0.9,0.25,1,0.82,3
加的夫,诺维奇,2,0,1.02,0.8,0,1.04,0.78,0
巴恩斯,普雷斯,1,0,0.94,0.88,0,1,0.82,1
伯明翰,富勒姆,-1,-0.25,0.98,0.84,-0.25,1.06,0.76,3
纽  卡,德比郡,2,0.75,1,0.82,0.75,1.02,0.8,3
伯 顿,狼  队,0,-0.25,0.76,1.06,-0.25,0.92,0.9,3
诺丁汉,维  拉,2,-0.25,0.76,1.06,-0.25,0.86,0.96,3
哈德斯,利  兹,0,0.25,0.98,0.84,0.25,0.86,0.96,3
布伦特,布赖顿,1,-0.25,0.88,0.94,-0.25,0.8,1.02,1
谢周三,伯明翰,2,0.75,1,0.82,0.75,0.96,0.86,3
布赖顿,伯 顿,4,1,0.82,1,1,0.86,0.96,3
德比郡,布里斯,2,0.5,0.8,1.02,0.5,0.9,0.92,1
普雷斯,布伦特,2,0.25,1.02,0.8,0.5,1.14,0.68,3
富勒姆,维  冈,1,1,1,0.82,1,1.06,0.76,3
利  兹,加的夫,2,0.5,1.06,0.76,0.5,1.12,0.7,0
诺维奇,诺丁汉,5,0.75,0.82,1,0.75,0.7,1.12,3
罗瑟汉,布莱克,1,-0.25,0.76,1.06,-0.25,0.76,1.06,1
巡游者,哈德斯,0,-0.25,0.96,0.86,0,1.22,0.6,0
维  拉,伊普斯,2,0.75,0.98,0.84,0.75,1.04,0.78,0
雷  丁,巴恩斯,0,0.5,0.88,0.94,0.5,0.82,1,1
狼  队,纽  卡,-1,-0.25,1.02,0.8,-0.25,1.02,0.8,0
巡游者,伯 顿,0,0.25,0.88,0.94,0.25,0.76,1.06,0
利  兹,布里斯,2,0.5,1.02,0.8,0.5,1.04,0.78,3
狼  队,维  冈,0,0.5,0.98,0.84,0.5,0.96,0.86,0
德比郡,加的夫,1,0.5,1.02,0.8,0.5,1.06,0.76,0
诺维奇,纽  卡,1,0,0.86,0.96,0,0.96,0.86,1
富勒姆,诺丁汉,2,1,0.9,0.92,1.25,1,0.82,3
谢周三,布莱克,2,1,1.06,0.76,0.75,0.8,1.02,3
普雷斯,伯明翰,3,0.5,1,0.82,0.5,1,0.82,3
罗瑟汉,哈德斯,0,-0.75,0.94,0.88,-0.75,1,0.82,0
布赖顿,伊普斯,5,1,0.9,0.92,1,0.86,0.96,1
维  拉,巴恩斯,0,0.75,1.02,0.8,0.75,0.82,1,0
雷  丁,布伦特,2,0.25,0.86,0.96,0.25,0.9,0.92,3
巴恩斯,布赖顿,0,-0.5,0.82,1,-0.5,0.8,1.02,0
加的夫,罗瑟汉,4,1,0.84,0.98,1,0.86,0.96,3
伯明翰,巡游者,1,0.25,0.98,0.84,0.25,1.08,0.74,0
伯 顿,诺维奇,2,-0.5,0.92,0.9,-0.25,0.98,0.84,3
伊普斯,利  兹,1,0,1,0.82,0,1.1,0.72,1
维  冈,普雷斯,0,0,0.82,1,0,0.86,0.96,1
诺丁汉,谢周三,2,-0.25,0.86,0.96,-0.25,0.86,0.96,0
纽  卡,维  拉,3,0.75,0.92,0.9,0.75,0.7,1.12,3
哈德斯,雷  丁,0,0.5,0.82,1,0.5,0.72,1.1,3
布里斯,富勒姆,0,-0.25,0.84,0.98,0,0.92,0.9,0
布莱克,德比郡,0,-0.25,0.74,1.08,-0.25,0.72,1.1,3
布伦特,狼  队,2,0.25,0.94,0.88,0.25,1,0.82,0
狼  队,伯明翰,2,0.5,0.84,0.98,0.5,0.88,0.94,0
伯 顿,布莱克,2,0.25,0.96,0.86,0.25,1,0.82,1
利  兹,谢周三,2,0,0.82,1,0,0.72,1.1,3
纽  卡,布里斯,2,1,0.82,1,1.25,1.18,0.64,1
布伦特,罗瑟汉,5,1,0.8,1.02,1,0.78,1.04,3
普雷斯,巡游者,3,0.5,1,0.82,0.5,1.12,0.7,3
维  冈,诺丁汉,2,0.25,0.82,1,0.25,0.82,1,1
维  拉,德比郡,2,0.25,0.98,0.84,0.25,1.02,0.8,3
加的夫,富勒姆,0,0,0.94,0.88,0,0.94,0.88,1
巴恩斯,哈德斯,1,-0.25,0.98,0.84,-0.25,1.02,0.8,1
布赖顿,雷  丁,4,0.75,0.84,0.98,0.75,0.77,1.05,3
诺维奇,伊普斯,4,0.75,0.84,0.98,0.75,0.88,0.94,1
伯明翰,利  兹,0,-0.25,0.84,0.98,-0.25,0.78,1.04,0
布里斯,伯 顿,1,0.5,0.82,1,0.25,0.8,1.02,1
伊普斯,布伦特,1,0.25,1.06,0.76,0.25,1,0.82,1
布莱克,维  冈,0,0.25,1,0.82,0.25,1,0.82,3
巡游者,加的夫,0,0,0.82,1,0,0.9,0.92,3
诺丁汉,布赖顿,0,-0.5,0.96,0.86,-0.25,1.12,0.7,3
雷  丁,狼  队,2,0.25,0.96,0.86,0.25,0.98,0.84,3
德比郡,巴恩斯,0,0.5,0.72,1.1,0.5,0.72,1.1,3
富勒姆,普雷斯,1,0.75,1,0.82,0.75,0.9,0.92,3
罗瑟汉,维  拉,0,-0.75,0.82,1,-0.75,0.84,0.98,0
谢周三,诺维奇,2,0.25,1,0.82,0.25,1,0.82,3
哈德斯,纽  卡,-2,0,0.96,0.86,0,0.98,0.84,0
谢周三,伯 顿,1,0.75,0.82,1,0.75,0.92,0.9,1
诺丁汉,布伦特,1,0.25,1.08,0.74,0,0.88,0.94,0
伯明翰,维  冈,0,0.25,0.9,0.92,0.25,0.9,0.92,0
布莱克,加的夫,0,0,0.9,0.92,0,0.8,1.02,1
罗瑟汉,布赖顿,-1,-1,1.02,0.8,-1.25,0.92,0.9,0
伊普斯,狼  队,1,0,0.86,0.96,0,0.88,0.94,1
巡游者,巴恩斯,-2,0.5,1.04,0.78,0.5,1.02,0.8,3
德比郡,普雷斯,2,0.5,0.92,0.9,0.5,0.9,0.92,1
哈德斯,维  拉,1,0.5,0.96,0.86,0.5,0.96,0.86,3
富勒姆,利  兹,1,0.75,1.02,0.8,0.75,0.88,0.94,1
布里斯,诺维奇,2,0,1.04,0.78,0,1.06,0.76,1
雷  丁,纽  卡,0,-0.5,0.78,1.04,-0.5,0.9,0.92,1
布赖顿,德比郡,4,0.5,0.84,0.98,0.5,0.72,1.1,3
维  冈,布里斯,0,0.25,1.06,0.76,0.25,1.12,0.7,0
普雷斯,雷  丁,2,0.25,0.94,0.88,0.5,1.12,0.7,3
狼  队,罗瑟汉,4,1.25,1,0.82,1.5,0.96,0.86,3
利  兹,巡游者,2,0.5,0.86,0.96,0.5,0.8,1.02,1
伯 顿,诺丁汉,2,0.25,1,0.82,0.25,0.98,0.84,3
加的夫,伯明翰,2,0.5,0.88,0.94,0.5,0.78,1.04,1
纽  卡,富勒姆,1,0.5,0.84,0.98,0.75,0.88,0.94,0
布伦特,哈德斯,2,0,1.06,0.76,0,1.08,0.74,0
巴恩斯,伊普斯,2,0.25,1,0.82,0.25,1,0.82,1
维  拉,谢周三,2,0.25,1.06,0.76,0.25,1.06,0.76,3
诺维奇,布莱克,4,0.75,0.84,0.98,0.5,0.64,1.18,1
谢周三,雷  丁,1,0.75,0.98,0.84,0.5,0.8,1.02,0
布里斯,哈德斯,1,-0.25,0.82,1,-0.25,0.76,1.06,3
布莱克,普雷斯,0,0,0.86,0.96,0,0.78,1.04,1
诺丁汉,德比郡,2,-0.25,0.78,1.04,-0.25,0.74,1.08,1
伯 顿,布伦特,0,0,0.92,0.9,0.25,1.16,0.66,0
巡游者,罗瑟汉,3,1.25,0.98,0.84,1.25,0.98,0.84,3
富勒姆,狼  队,1,0.75,0.86,0.96,0.5,0.86,0.96,0
伯明翰,纽  卡,-2,-0.75,0.86,0.96,-0.5,0.8,1.02,1
加的夫,伊普斯,2,0.5,0.84,0.98,0.5,0.84,0.98,3
维  冈,维  拉,1,-0.25,0.74,1.08,-0.25,0.72,1.1,0
诺维奇,巴恩斯,1,1,0.98,0.84,1,0.92,0.9,3
利  兹,布赖顿,1,-0.25,0.82,1,-0.25,0.76,1.06,3
德比郡,巡游者,2,0.5,0.96,0.86,0.5,0.9,0.92,3
巴恩斯,谢周三,1,-0.25,0.92,0.9,-0.25,0.96,0.86,1
哈德斯,伯 顿,0,1,1.02,0.8,1,1,0.82,0
布伦特,布里斯,2,0.25,0.98,0.84,0.25,1,0.82,3
纽  卡,维  冈,2,1.25,0.96,0.86,1,0.92,0.9,3
狼  队,加的夫,0,0.25,0.84,0.98,0.25,0.82,1,3
普雷斯,诺丁汉,3,0.5,0.92,0.9,0.25,0.66,1.16,1
布赖顿,布莱克,5,1,0.96,0.86,1,1.04,0.78,3
伊普斯,伯明翰,2,0.25,0.94,0.88,0.25,1.08,0.74,1
罗瑟汉,富勒姆,-2,-1.25,0.94,0.88,-1.25,1.12,0.7,0
维  拉,诺维奇,3,0.25,1.04,0.78,0.5,1.14,0.68,3
雷  丁,利  兹,2,0,0.84,0.98,0,0.72,1.1,3
伊普斯,维  冈,1,0.25,0.98,0.84,0.25,1.06,0.76,3
巴恩斯,加的夫,1,0,0.9,0.92,0,0.98,0.84,1
维  拉,巡游者,2,0.75,1.02,0.8,0.75,1,0.82,3
布伦特,利  兹,2,0.25,1.06,0.76,0.25,1.06,0.76,3
普雷斯,布里斯,2,0.25,0.86,0.96,0.25,0.96,0.86,3
布赖顿,伯明翰,5,1,0.98,0.84,1,0.92,0.9,3
德比郡,富勒姆,0,0.25,1.04,0.78,0.25,1.04,0.78,3
罗瑟汉,谢周三,0,-1.25,0.82,1,-1,0.88,0.94,0
狼  队,诺丁汉,2,0.5,0.8,1.02,0.5,0.82,1,3
雷  丁,布莱克,3,0.5,1,0.82,0.25,0.96,0.86,3
纽  卡,伯 顿,2,1.25,1.06,0.76,1.25,0.84,0.98,3
哈德斯,诺维奇,1,0.25,0.82,1,0.5,1.02,0.8,3
巡游者,布赖顿,-1,-0.5,0.76,1.06,-0.5,0.78,1.04,0
加的夫,布伦特,1,0.25,0.9,0.92,0,0.66,1.16,3
诺维奇,雷  丁,3,0.5,0.88,0.94,0.75,1.1,0.72,3
维  冈,罗瑟汉,3,1,0.9,0.92,0.75,0.72,1.1,3
布里斯,狼  队,1,0,0.82,1,0,0.7,1.12,3
利  兹,普雷斯,2,0.5,1.08,0.74,0.25,0.94,0.88,3
诺丁汉,哈德斯,2,-0.25,0.96,0.86,-0.25,0.96,0.86,3
富勒姆,伊普斯,2,1,0.92,0.9,1.25,1.12,0.7,3
伯明翰,德比郡,0,-0.25,0.86,0.96,-0.25,0.8,1.02,0
伯 顿,维  拉,1,-0.25,0.86,0.96,-0.5,0.66,1.16,1
布莱克,巴恩斯,-2,0.25,0.82,1,0.25,0.74,1.08,0
谢周三,纽  卡,-1,-0.25,0.78,1.04,-0.25,0.78,1.04,3
维  冈,巴恩斯,-2,0.5,1.04,0.78,0.25,0.9,0.92,3
谢周三,加的夫,1,0.75,1.02,0.8,0.75,0.96,0.86,3
布里斯,巡游者,2,0.5,0.88,0.94,0.5,0.98,0.84,3
诺丁汉,布莱克,2,0.25,0.96,0.86,0.25,0.8,1.02,0
罗瑟汉,伯明翰,1,-0.5,0.86,0.96,-0.5,0.9,0.92,1
诺维奇,富勒姆,2,0,0.8,1.02,0.25,1.06,0.76,0
布伦特,德比郡,2,0,0.98,0.84,0,0.96,0.86,3
哈德斯,普雷斯,0,0.5,0.82,1,0.75,0.96,0.86,3
狼  队,布赖顿,-1,-0.25,0.98,0.84,-0.25,0.86,0.96,0
纽  卡,利  兹,2,1,1.02,0.8,0.75,0.88,0.94,1
伯 顿,伊普斯,1,0.25,0.88,0.94,0,0.76,1.06,0
维  拉,雷  丁,2,0.5,0.82,1,0.5,0.8,1.02,0
富勒姆,维  拉,2,0.5,0.78,1.04,0.75,0.84,0.98,3
伯明翰,伯 顿,0,0.25,0.94,0.88,0.25,0.8,1.02,0
布莱克,布里斯,0,0.25,1.04,0.78,0,0.84,0.98,1
巴恩斯,布伦特,1,0,1.02,0.8,0,1.02,0.8,1
布赖顿,维  冈,4,1,0.86,0.96,1.25,1.08,0.74,3
雷  丁,罗瑟汉,5,1.25,0.84,0.98,1.5,0.86,0.96,3
伊普斯,纽  卡,-1,-0.75,0.8,1.02,-0.75,0.88,0.94,3
利  兹,狼  队,1,0.5,1.06,0.76,0.5,0.98,0.84,0
加的夫,诺丁汉,2,0.25,1.04,0.78,0.25,0.78,1.02,3
巡游者,谢周三,0,-0.25,1.02,0.8,-0.25,0.92,0.9,0
普雷斯,诺维奇,3,0,0.88,0.94,0,0.84,0.98,0
德比郡,哈德斯,2,0,0.78,1.04,0,0.76,1.06,1
诺维奇,布赖顿,2,0.25,1.04,0.78,0.25,0.96,0.86,3
诺丁汉,雷  丁,2,0.25,1.06,0.76,0.25,0.9,0.92,3
维  冈,加的夫,0,0.25,0.96,0.86,0.25,0.9,0.92,1
布伦特,巡游者,3,0.5,0.86,0.96,0.5,0.92,0.9,3
布里斯,巴恩斯,-1,0.75,0.86,0.96,0.75,0.76,1.06,3
伯 顿,利  兹,0,-0.25,0.76,1.06,-0.25,0.8,1.02,3
狼  队,布莱克,1,0.25,0.96,0.86,0.25,0.84,0.98,1
哈德斯,富勒姆,-1,0.25,1.04,0.78,0.25,1.06,0.76,0
罗瑟汉,伊普斯,1,-0.5,0.96,0.86,-0.25,0.94,0.88,3
谢周三,德比郡,1,0.75,1.02,0.8,0.75,1.14,0.68,3
维  拉,伯明翰,3,0.5,0.98,0.84,0.5,1.06,0.76,3
纽  卡,普雷斯,2,1.25,1.08,0.74,1.5,0.92,0.9,3
加的夫,纽  卡,-1,-0.5,0.84,0.98,-0.25,0.92,0.9,0
巴恩斯,伯 顿,1,0,0.8,1.02,0,0.62,1.2,1
富勒姆,布伦特,1,1.25,0.92,0.9,1.25,1.06,0.76,1
雷  丁,维  冈,2,0.5,0.96,0.86,0.75,1.12,0.7,3
普雷斯,罗瑟汉,5,1.25,1.02,0.8,1.25,0.98,0.84,1
德比郡,狼  队,1,0.5,0.92,0.9,0.5,0.82,1,3
巡游者,诺丁汉,2,0,0.86,0.96,0,0.7,1.12,3
伯明翰,哈德斯,0,0,0.9,0.92,0.25,0.6,1.22,3
伊普斯,谢周三,1,-0.5,0.84,0.98,-0.5,0.8,1.02,0
布莱克,维  拉,1,0.25,0.82,1,0.25,0.84,0.98,3
利  兹,诺维奇,3,0.25,0.86,0.96,0.25,0.78,1.04,1
布赖顿,布里斯,4,1,1,0.82,1.25,0.88,0.94,0
伯 顿,雷  丁,1,0.25,0.88,0.94,0.25,1.12,0.7,0
哈德斯,加的夫,0,0.25,0.9,0.92,0.5,0.74,1.08,0
维  拉,布赖顿,1,-0.25,1.02,0.8,-0.25,1,0.82,1
诺维奇,巡游者,4,0.75,0.86,0.96,1,0.78,1.04,3
纽  卡,巴恩斯,0,1.75,0.88,0.94,1.75,0.9,0.92,3
维  冈,利  兹,0,-0.25,0.86,0.96,0,0.74,1.08,1
布伦特,布莱克,3,0,0.92,0.9,0,0.72,1.1,0
布里斯,伯明翰,2,0,0.94,0.88,0,0.86,0.96,0
谢周三,富勒姆,0,0.25,1.04,0.78,0,1,0.82,0
诺丁汉,伊普斯,2,0.75,0.7,1.12,0.75,0.66,1.16,3
罗瑟汉,德比郡,0,-0.75,0.92,0.9,-0.75,0.92,0.9,1
狼  队,普雷斯,1,0.25,0.8,1.02,0.25,0.74,1.08,3
